{"cameraMode":{"drawMode":0,"name":"Shaded","section":"Shading Mode"},"sceneLighting":false,"audioPlay":false,"sceneViewState":{"m_AlwaysRefresh":false,"showFog":true,"showSkybox":false,"showFlares":true,"showImageEffects":true,"showParticleSystems":true,"showVisualEffectGraphs":true,"m_FxEnabled":false},"in2DMode":false,"pivot":{"x":0.1657862663269043,"y":-0.29765379428863528,"z":-0.5310518741607666},"rotation":{"x":-0.032511718571186069,"y":0.8561450242996216,"z":-0.054274771362543109,"w":-0.5128485560417175},"size":2.4635000228881838,"orthographic":false}